{"cameraMode":{"drawMode":0,"name":"Shaded","section":"Shading Mode"},"sceneLighting":true,"audioPlay":false,"sceneViewState":{"showFog":true,"showMaterialUpdate":false,"showSkybox":true,"showFlares":true,"showImageEffects":true,"showParticleSystems":true},"in2DMode":false,"pivot":{"x":0.0003057718276977539,"y":0.7842187285423279,"z":0.001397639513015747},"rotation":{"x":-0.04001062363386154,"y":-0.9243731498718262,"z":0.3657878041267395,"w":-0.10105029493570328},"size":1.7509639263153077,"orthographic":false}